hlist_empty,struct hlist_head,first
hlist_empty,struct hlist_head,first
hlist_empty,struct hlist_head,first
hlist_empty,struct hlist_head,first
ep_events_available,struct eventpoll,ovflist
ep_events_available,struct eventpoll,ovflist
list_empty_careful,struct list_head,prev
list_empty_careful,struct list_head,prev
ep_events_available,struct eventpoll,ovflist
list_empty_careful,struct list_head,prev
list_empty_careful,struct list_head,prev
ep_events_available,struct eventpoll,ovflist
list_empty_careful,struct list_head,prev
list_empty_careful,struct list_head,prev
ep_busy_loop,struct eventpoll,napi_id
ep_events_available,struct eventpoll,ovflist
ep_events_available,struct eventpoll,ovflist
list_empty,struct list_head,next
list_empty,struct list_head,next
list_empty,struct list_head,next
list_empty,struct list_head,next
ep_done_scan,struct eventpoll,ovflist
list_empty,struct list_head,next
list_empty,struct list_head,next
list_empty,struct list_head,next
list_empty,struct list_head,next
list_empty,struct list_head,next
list_empty,struct list_head,next
list_empty,struct list_head,next
list_empty,struct list_head,next
ep_poll_callback,struct eventpoll,ovflist
ep_set_busy_poll_napi_id,struct sock,sk_napi_id
hlist_empty,struct hlist_head,first
hlist_empty,struct hlist_head,first
attach_epitem,struct file,f_ep
ep_events_available,struct eventpoll,ovflist
ep_events_available,struct eventpoll,ovflist
ep_busy_loop,struct eventpoll,napi_id
ep_events_available,struct eventpoll,ovflist
ep_events_available,struct eventpoll,ovflist
list_empty_careful,struct list_head,prev
list_empty_careful,struct list_head,prev
list_empty,struct list_head,next
list_empty,struct list_head,next
do_epoll_ctl,struct file,f_ep
do_epoll_ctl,struct fd,file
